model,raw,reward,valid_word,consistent,repeated,solved,guess
pre_rl_sft,CRANE,0.0566055930568949,True,False,False,False,CRANE
pre_rl_sft,CRANE,0.0566055930568949,True,False,False,False,CRANE
pre_rl_sft,CRAZY,0.09656836461126007,True,False,False,False,CRAZY
pre_rl_sft,CRANE,0.0566055930568949,True,False,False,False,CRANE
pre_rl_sft,NodeList,-0.25,False,False,False,False,
pre_rl_sft,PROOF,-0.09999999999999999,True,False,False,False,PROOF
pre_rl_sft,CROFT,-0.25,False,False,False,False,
pre_rl_sft,CURVY,-0.09999999999999999,True,False,False,False,CURVY
pre_rl_sft,CYBER,0.24286408730467807,True,True,False,False,CYBER
pre_rl_sft,BRANE,-0.25,False,False,False,False,
pre_rl_sft,BLOOD,0.2021847318326736,True,True,False,False,BLOOD
pre_rl_sft,CHARGE,-0.25,False,False,False,False,
pre_rl_sft,CRAZY,0.027478753541076498,True,False,False,False,CRAZY
pre_rl_sft,CREAM,-0.018048780487804866,True,False,False,False,CREAM
pre_rl_sft,REASON,-0.25,False,False,False,False,
pre_rl_sft,CRANE,0.05569230769230772,True,False,False,False,CRANE
pre_rl_sft,CRUST,-0.30000000000000004,True,False,True,False,CRUST
pre_rl_sft,BRUSH,-0.09999999999999999,True,False,False,False,BRUSH
pre_rl_sft,DROSS,0.020000000000000004,True,False,False,False,DROSS
pre_rl_sft,CRUSH,-0.09999999999999999,True,False,False,False,CRUSH
pre_rl_sft,INEPT,0.06981132075471701,True,False,False,False,INEPT
pre_rl_sft,INEPT,0.06981132075471701,True,False,False,False,INEPT
pre_rl_sft,PINEY,-0.03513513513513514,True,False,False,False,PINEY
pre_rl_sft,CINEP,-0.25,False,False,False,False,
pre_rl_sft,NEAKY,-0.25,False,False,False,False,
pre_rl_sft,WEAK,-0.25,False,False,False,False,
pre_rl_sft,WEAK,-0.25,False,False,False,False,
pre_rl_sft,NEANT,-0.25,False,False,False,False,
pre_rl_sft,BRANE,-0.25,False,False,False,False,
pre_rl_sft,CRANE,0.2499981340672669,True,True,False,False,CRANE
pre_rl_sft,CRANE,0.2499981340672669,True,True,False,False,CRANE
pre_rl_sft,BLOOD,0.24767526677220936,True,True,False,False,BLOOD
pre_rl_sft,BUTTER,-0.25,False,False,False,False,
pre_rl_sft,LYRIC,0.24179559348984275,True,True,False,False,LYRIC
pre_rl_sft,BRANE,-0.25,False,False,False,False,
pre_rl_sft,CRANE,0.24922497438836094,True,True,False,False,CRANE
pre_rl_sft,CRANE,0.08117647058823531,True,False,False,False,CRANE
pre_rl_sft,CRANE,0.08117647058823531,True,False,False,False,CRANE
pre_rl_sft,RANK,-0.25,False,False,False,False,
pre_rl_sft,CRANE,0.08117647058823531,True,False,False,False,CRANE
pre_rl_sft,SHINE,-0.09999999999999999,True,False,False,False,SHINE
pre_rl_sft,SMITE,-0.09999999999999999,True,False,False,False,SMITE
pre_rl_sft,SWIME,-0.25,False,False,False,False,
pre_rl_sft,SNEPE,-0.25,False,False,False,False,
pre_rl_sft,CRANE,0.248664281525952,True,True,False,False,CRANE
pre_rl_sft,CRAFT,0.24969451763189265,True,True,False,False,CRAFT
pre_rl_sft,CREAN,-0.25,False,False,False,False,
pre_rl_sft,CRANE,0.248664281525952,True,True,False,False,CRANE
pre_rl_sft,MUSHY,0.020000000000000004,True,False,False,False,MUSHY
pre_rl_sft,BLOOM,0.020000000000000004,True,False,False,False,BLOOM
pre_rl_sft,CHUCK,0.020000000000000004,True,False,False,False,CHUCK
pre_rl_sft,CLONE,0.020000000000000004,True,False,False,False,CLONE
pre_rl_sft,DOLLY,-0.06393442622950819,True,False,False,False,DOLLY
pre_rl_sft,CLOUD,-0.06393442622950819,True,False,False,False,CLOUD
pre_rl_sft,BLOOMY,-0.25,False,False,False,False,
pre_rl_sft,BLUGH,-0.25,False,False,False,False,
pre_rl_sft,CRAWN,-0.25,False,False,False,False,
pre_rl_sft,CRANE,0.010802775024777014,True,False,False,False,CRANE
pre_rl_sft,GRANE,-0.25,False,False,False,False,
pre_rl_sft,BRANE,-0.25,False,False,False,False,
pre_rl_sft,CRAIN,-0.25,False,False,False,False,
pre_rl_sft,CRANE,0.24922497438836094,True,True,False,False,CRANE
pre_rl_sft,CHIEF,0.2398784981832745,True,True,False,False,CHIEF
pre_rl_sft,BLANK,0.22482176343822807,True,True,False,False,BLANK
pre_rl_sft,ALIEN,-0.09999999999999999,True,False,False,False,ALIEN
pre_rl_sft,ABIDE,-0.09999999999999999,True,False,False,False,ABIDE
pre_rl_sft,ADULT,0.020000000000000004,True,False,False,False,ADULT
pre_rl_sft,ANNOY,0.020000000000000004,True,False,False,False,ANNOY
pre_rl_sft,CRANE,0.248664281525952,True,True,False,False,CRANE
pre_rl_sft,CREAN,-0.25,False,False,False,False,
pre_rl_sft,CRANE,0.248664281525952,True,True,False,False,CRANE
pre_rl_sft,BRANE,-0.25,False,False,False,False,
pre_rl_sft,DAILY,0.04482758620689657,True,False,False,False,DAILY
pre_rl_sft,AVAIL,-0.09999999999999999,True,False,False,False,AVAIL
pre_rl_sft,CAVEY,-0.25,False,False,False,False,
pre_rl_sft,PANEL,-0.09999999999999999,True,False,False,False,PANEL
pre_rl_sft,WIDE,-0.25,False,False,False,False,
pre_rl_sft,TULNE,-0.25,False,False,False,False,
pre_rl_sft,MIDGE,0.020000000000000004,True,False,False,False,MIDGE
pre_rl_sft,PUNCH,0.05068493150684934,True,False,False,False,PUNCH
pre_rl_sft,CREPY,-0.25,False,False,False,False,
pre_rl_sft,BRAIN,0.08461538461538463,True,False,False,False,BRAIN
pre_rl_sft,CRANE,0.08461538461538463,True,False,False,False,CRANE
pre_rl_sft,FRAIL,-0.023076923076923064,True,False,False,False,FRAIL
pre_rl_sft,SWEAR,-0.08264150943396227,True,False,False,False,SWEAR
pre_rl_sft,CLONE,0.09325623519576427,True,False,False,False,CLONE
pre_rl_sft,CRISE,-0.25,False,False,False,False,
pre_rl_sft,DRANK,0.021521943439751653,True,False,False,False,DRANK
pre_rl_sft,PROOF,-0.09999999999999999,True,False,False,False,PROOF
pre_rl_sft,PROMO,-0.25,False,False,False,False,
pre_rl_sft,PROWN,-0.25,False,False,False,False,
pre_rl_sft,PROOF,-0.09999999999999999,True,False,False,False,PROOF
pre_rl_sft,CAMEL,0.09672131147540984,True,False,False,False,CAMEL
pre_rl_sft,GABLE,-0.25,False,False,False,False,
pre_rl_sft,DEATH,0.031506849315068516,True,False,False,False,DEATH
pre_rl_sft,DEBUT,0.031506849315068516,True,False,False,False,DEBUT
pre_rl_sft,CRANE,0.09905044510385759,True,False,False,False,CRANE
pre_rl_sft,FARCE,0.09905044510385759,True,False,False,False,FARCE
pre_rl_sft,SWEAK,-0.25,False,False,False,False,
pre_rl_sft,CRANE,0.09905044510385759,True,False,False,False,CRANE
pre_rl_sft,CRANE,0.24879978137253844,True,True,False,False,CRANE
pre_rl_sft,CRANE,0.24879978137253844,True,True,False,False,CRANE
pre_rl_sft,BRAIN,0.24198644818063825,True,True,False,False,BRAIN
pre_rl_sft,BASIC,0.2380641433901617,True,True,False,False,BASIC
pre_rl_sft,CAPER,-0.09999999999999999,True,False,False,False,CAPER
pre_rl_sft,TAREB,-0.25,False,False,False,False,
pre_rl_sft,TAREO,-0.25,False,False,False,False,
pre_rl_sft,TAREE,-0.25,False,False,False,False,
pre_rl_sft,GIRLY,0.01679247617869077,True,False,False,False,GIRLY
pre_rl_sft,CRANE,0.0950007714858818,True,False,False,False,CRANE
pre_rl_sft,CLINE,-0.25,False,False,False,False,
pre_rl_sft,FRADE,-0.25,False,False,False,False,
pre_rl_sft,CRANE,0.2496849043059971,True,True,False,False,CRANE
pre_rl_sft,CRANE,0.2496849043059971,True,True,False,False,CRANE
pre_rl_sft,BRAKE,0.2494987652696662,True,True,False,False,BRAKE
pre_rl_sft,CRANE,0.2496849043059971,True,True,False,False,CRANE
pre_rl_sft,CRANE,0.24879978137253844,True,True,False,False,CRANE
pre_rl_sft,BLOOD,0.24998925246610187,True,True,False,False,BLOOD
pre_rl_sft,CRANE,0.24879978137253844,True,True,False,False,CRANE
pre_rl_sft,BRANE,-0.25,False,False,False,False,
pre_rl_sft,BRANE,-0.25,False,False,False,False,
pre_rl_sft,BEGUN,0.248664281525952,True,True,False,False,BEGUN
pre_rl_sft,GAMMA,0.18121248406659202,True,True,False,False,GAMMA
pre_rl_sft,LYRIC,0.2460226482339251,True,True,False,False,LYRIC
pre_rl_sft,BASAL,0.2495917013827984,True,True,False,False,BASAL
pre_rl_sft,DRANK,0.24909891879564167,True,True,False,False,DRANK
pre_rl_sft,CRAZY,0.2488921698462015,True,True,False,False,CRAZY
pre_rl_sft,BRANE,-0.25,False,False,False,False,
pre_rl_sft,CRANE,0.24922497438836094,True,True,False,False,CRANE
pre_rl_sft,CHADEB,-0.25,False,False,False,False,
pre_rl_sft,BINGE,0.2475962719959196,True,True,False,False,BINGE
pre_rl_sft,CRANE,0.24922497438836094,True,True,False,False,CRANE
pre_rl_sft,CRAFT,0.23701744231495897,True,True,False,False,CRAFT
pre_rl_sft,CRANE,0.24490317025624891,True,True,False,False,CRANE
pre_rl_sft,CHRON,-0.25,False,False,False,False,
pre_rl_sft,CHARGE,-0.25,False,False,False,False,
pre_rl_sft,ROPEC,-0.25,False,False,False,False,
pre_rl_sft,PROVE,-0.03513513513513514,True,False,False,False,PROVE
pre_rl_sft,CREPE,-0.03513513513513514,True,False,False,False,CREPE
pre_rl_sft,DROTE,-0.25,False,False,False,False,
pre_rl_sft,BRAVO,0.24832767374772963,True,True,False,False,BRAVO
pre_rl_sft,DANGER,-0.25,False,False,False,False,
pre_rl_sft,BRAIN,0.24885565458719633,True,True,False,False,BRAIN
pre_rl_sft,CRANE,0.24985555367578033,True,True,False,False,CRANE
pre_rl_sft,CREAM,0.06478982205793866,True,False,False,False,CREAM
pre_rl_sft,RABID,-0.033743255113565046,True,False,False,False,RABID
pre_rl_sft,REACT,0.08546643655191209,True,False,False,False,REACT
pre_rl_sft,CREAN,-0.25,False,False,False,False,
pre_rl_sft,COULD,-0.09999999999999999,True,False,False,False,COULD
pre_rl_sft,CORNY,-0.09999999999999999,True,False,False,False,CORNY
pre_rl_sft,COURD,-0.25,False,False,False,False,
pre_rl_sft,CORNY,-0.09999999999999999,True,False,False,False,CORNY
pre_rl_sft,STALE,0.020000000000000004,True,False,False,False,STALE
pre_rl_sft,SALUTE,-0.25,False,False,False,False,
pre_rl_sft,SLAVE,-0.09999999999999999,True,False,False,False,SLAVE
pre_rl_sft,SLATE,-0.30000000000000004,True,False,True,False,SLATE
pre_rl_sft,CRAFT,0.08403619909502265,True,False,False,False,CRAFT
pre_rl_sft,CRANE,0.07774612782624178,True,False,False,False,CRANE
pre_rl_sft,CRANE,0.07774612782624178,True,False,False,False,CRANE
pre_rl_sft,CRANE,0.07774612782624178,True,False,False,False,CRANE
pre_rl_sft,CRANE,0.07774612782624178,True,False,False,False,CRANE
pre_rl_sft,CRANE,0.07774612782624178,True,False,False,False,CRANE
pre_rl_sft,CREAN,-0.25,False,False,False,False,
pre_rl_sft,CRANE,0.07774612782624178,True,False,False,False,CRANE
pre_rl_sft,FOLIO,0.04482758620689657,True,False,False,False,FOLIO
pre_rl_sft,DICTY,-0.25,False,False,False,False,
pre_rl_sft,TILID,-0.25,False,False,False,False,
pre_rl_sft,WITTY,0.08461538461538463,True,False,False,False,WITTY
pre_rl_sft,CRAFT,0.08918918918918921,True,False,False,False,CRAFT
pre_rl_sft,CRANE,0.08918918918918921,True,False,False,False,CRANE
pre_rl_sft,BRANE,-0.25,False,False,False,False,
pre_rl_sft,BRINE,-0.023076923076923064,True,False,False,False,BRINE
pre_rl_sft,BROWN,-0.09999999999999999,True,False,False,False,BROWN
pre_rl_sft,SERUM,-0.09999999999999999,True,False,False,False,SERUM
pre_rl_sft,AROSS,-0.25,False,False,False,False,
pre_rl_sft,BRASE,-0.25,False,False,False,False,
pre_rl_sft,CREP,-0.25,False,False,False,False,
pre_rl_sft,BRAIN,0.03724473257698542,True,False,False,False,BRAIN
pre_rl_sft,CRAZY,0.012432432432432458,True,False,False,False,CRAZY
pre_rl_sft,CRANE,0.07196996782266717,True,False,False,False,CRANE
pre_rl_sft,CRANE,0.24994955130701108,True,True,False,False,CRANE
pre_rl_sft,BRANE,-0.25,False,False,False,False,
pre_rl_sft,CRAZY,0.24899819103348964,True,True,False,False,CRAZY
pre_rl_sft,CRANE,0.24994955130701108,True,True,False,False,CRANE
pre_rl_sft,PIELM,-0.25,False,False,False,False,
pre_rl_sft,DIELY,-0.25,False,False,False,False,
pre_rl_sft,CIGLE,-0.25,False,False,False,False,
pre_rl_sft,PIELY,-0.25,False,False,False,False,
pre_rl_sft,CRANE,0.08461538461538463,True,False,False,False,CRANE
pre_rl_sft,CRIER,0.08461538461538463,True,False,False,False,CRIER
pre_rl_sft,CRANE,0.08461538461538463,True,False,False,False,CRANE
pre_rl_sft,CRANE,0.08461538461538463,True,False,False,False,CRANE
pre_rl_sft,BIRTH,0.08918918918918921,True,False,False,False,BIRTH
pre_rl_sft,DROOP,0.020000000000000004,True,False,False,False,DROOP
pre_rl_sft,DOWRY,-0.06393442622950819,True,False,False,False,DOWRY
pre_rl_sft,CORP,-0.25,False,False,False,False,
pre_rl_sft,BROAST,-0.25,False,False,False,False,
pre_rl_sft,ACORN,0.06000000000000004,True,False,False,False,ACORN
pre_rl_sft,ARDOR,-0.09999999999999999,True,False,False,False,ARDOR
pre_rl_sft,ABYSS,-0.09999999999999999,True,False,False,False,ABYSS
pre_rl_sft,BRUTE,0.24988061539035505,True,True,False,False,BRUTE
pre_rl_sft,BOWLY,-0.25,False,False,False,False,
pre_rl_sft,CREEP,0.22964792834384218,True,True,False,False,CREEP
pre_rl_sft,CRANE,0.248664281525952,True,True,False,False,CRANE
pre_rl_sft,FROUT,-0.25,False,False,False,False,
pre_rl_sft,CORUPO,-0.25,False,False,False,False,
pre_rl_sft,CRUEL,-0.09999999999999999,True,False,False,False,CRUEL
pre_rl_sft,WORTH,-0.09999999999999999,True,False,False,False,WORTH
pre_rl_sft,CRANE,0.06178631995477672,True,False,False,False,CRANE
pre_rl_sft,CRANE,0.06178631995477672,True,False,False,False,CRANE
pre_rl_sft,CRANE,0.06178631995477672,True,False,False,False,CRANE
pre_rl_sft,CRANE,0.06178631995477672,True,False,False,False,CRANE
pre_rl_sft,TRACE,-0.09999999999999999,True,False,False,False,TRACE
pre_rl_sft,CRATE,-0.09999999999999999,True,False,False,False,CRATE
pre_rl_sft,FRAME,2.3000000000000003,True,True,False,True,FRAME
pre_rl_sft,FRAME,2.3000000000000003,True,True,False,True,FRAME
pre_rl_sft,BRACE,-0.023076923076923064,True,False,False,False,BRACE
pre_rl_sft,BRAZE,-0.25,False,False,False,False,
pre_rl_sft,CRAZE,-0.09999999999999999,True,False,False,False,CRAZE
pre_rl_sft,CRAZE,-0.09999999999999999,True,False,False,False,CRAZE
pre_rl_sft,DRUNK,0.24998738663363806,True,True,False,False,DRUNK
pre_rl_sft,BLOOD,0.2021847318326736,True,True,False,False,BLOOD
pre_rl_sft,BRANE,-0.25,False,False,False,False,
pre_rl_sft,BRANE,-0.25,False,False,False,False,
pre_rl_sft,CRANE,0.2499455965480301,True,True,False,False,CRANE
pre_rl_sft,CREAN,-0.25,False,False,False,False,
pre_rl_sft,BRANE,-0.25,False,False,False,False,
pre_rl_sft,CRANE,0.2499455965480301,True,True,False,False,CRANE
pre_rl_sft,POOSE,-0.25,False,False,False,False,
pre_rl_sft,MUSHY,-0.09999999999999999,True,False,False,False,MUSHY
pre_rl_sft,FLOSH,-0.25,False,False,False,False,
pre_rl_sft,NOOSE,-0.09999999999999999,True,False,False,False,NOOSE
pre_rl_sft,BOOMY,-0.25,False,False,False,False,
pre_rl_sft,CHUCK,-0.09999999999999999,True,False,False,False,CHUCK
pre_rl_sft,LYMPH,0.020000000000000004,True,False,False,False,LYMPH
pre_rl_sft,FOLLY,0.020000000000000004,True,False,False,False,FOLLY
pre_rl_sft,CLANE,-0.25,False,False,False,False,
pre_rl_sft,CRANE,0.2493963473424844,True,True,False,False,CRANE
pre_rl_sft,CHUNK,0.2499853715541287,True,True,False,False,CHUNK
pre_rl_sft,CHARGE,-0.25,False,False,False,False,
pre_rl_sft,GRAPH,-0.30000000000000004,True,False,True,False,GRAPH
pre_rl_sft,GRAPH,-0.30000000000000004,True,False,True,False,GRAPH
pre_rl_sft,GRAPH,-0.30000000000000004,True,False,True,False,GRAPH
pre_rl_sft,GRAPH,-0.30000000000000004,True,False,True,False,GRAPH
pre_rl_sft,CREAN,-0.25,False,False,False,False,
pre_rl_sft,CREAT,-0.25,False,False,False,False,
pre_rl_sft,GRADE,-0.007583497053045174,True,False,False,False,GRADE
pre_rl_sft,CRANE,0.0990348525469169,True,False,False,False,CRANE
pre_rl_sft,GAVEL,-0.09999999999999999,True,False,False,False,GAVEL
pre_rl_sft,GAMME,-0.25,False,False,False,False,
pre_rl_sft,GAUTE,-0.25,False,False,False,False,
pre_rl_sft,GAUZE,-0.09999999999999999,True,False,False,False,GAUZE
pre_rl_sft,BRANE,-0.25,False,False,False,False,
pre_rl_sft,CRANE,0.248664281525952,True,True,False,False,CRANE
pre_rl_sft,DRONE,0.24919434507110844,True,True,False,False,DRONE
pre_rl_sft,DRAGON,-0.25,False,False,False,False,
pre_rl_sft,DRAIN,-0.03154362416107381,True,False,False,False,DRAIN
pre_rl_sft,CRAZE,0.09603960396039606,True,False,False,False,CRAZE
pre_rl_sft,TRANE,-0.25,False,False,False,False,
pre_rl_sft,RACER,0.09603960396039606,True,False,False,False,RACER
pre_rl_sft,BRANE,-0.25,False,False,False,False,
pre_rl_sft,CRANE,0.2499455965480301,True,True,False,False,CRANE
pre_rl_sft,CRANE,0.2499455965480301,True,True,False,False,CRANE
pre_rl_sft,CRANE,0.2499455965480301,True,True,False,False,CRANE
pre_rl_sft,PILOT,-0.30000000000000004,True,False,True,False,PILOT
pre_rl_sft,PHILL,-0.25,False,False,False,False,
pre_rl_sft,PINTO,0.020000000000000004,True,False,False,False,PINTO
pre_rl_sft,PULIN,-0.25,False,False,False,False,
pre_rl_sft,BUNNY,0.24998925246610187,True,True,False,False,BUNNY
pre_rl_sft,FROTH,0.23036331724066833,True,True,False,False,FROTH
pre_rl_sft,BLANKDDR,-0.25,False,False,False,False,
pre_rl_sft,BROOM,0.2070416156870531,True,True,False,False,BROOM
pre_rl_sft,CRANE,0.2496849043059971,True,True,False,False,CRANE
pre_rl_sft,CRAZE,0.24958060337194893,True,True,False,False,CRAZE
pre_rl_sft,CRANE,0.2496849043059971,True,True,False,False,CRANE
pre_rl_sft,BRANE,-0.25,False,False,False,False,
pre_rl_sft,LOTHY,-0.25,False,False,False,False,
pre_rl_sft,LUNSS,-0.25,False,False,False,False,
pre_rl_sft,CLOCK,-0.09999999999999999,True,False,False,False,CLOCK
pre_rl_sft,SHOCK,0.020000000000000004,True,False,False,False,SHOCK
pre_rl_sft,CLARE,-0.25,False,False,False,False,
pre_rl_sft,CRAZE,0.24979045265285527,True,True,False,False,CRAZE
pre_rl_sft,BUTCH,0.24926981169396462,True,True,False,False,BUTCH
pre_rl_sft,CRANE,0.24981349285910787,True,True,False,False,CRANE
pre_rl_sft,SHUNT,-0.06393442622950819,True,False,False,False,SHUNT
pre_rl_sft,SWUNG,-0.023076923076923064,True,False,False,False,SWUNG
pre_rl_sft,STUNA,-0.25,False,False,False,False,
pre_rl_sft,STOCK,0.08918918918918921,True,False,False,False,STOCK
pre_rl_sft,CRANE,0.24879978137253844,True,True,False,False,CRANE
pre_rl_sft,BRANE,-0.25,False,False,False,False,
pre_rl_sft,CRANE,0.24879978137253844,True,True,False,False,CRANE
pre_rl_sft,LYRIC,0.2460226482339251,True,True,False,False,LYRIC
pre_rl_sft,CORRO,-0.25,False,False,False,False,
pre_rl_sft,COURB,-0.25,False,False,False,False,
pre_rl_sft,BULKY,0.020000000000000004,True,False,False,False,BULKY
pre_rl_sft,TROUT,0.020000000000000004,True,False,False,False,TROUT
pre_rl_sft,CRANE,0.24980596162575958,True,True,False,False,CRANE
pre_rl_sft,DRONE,0.24970398236573205,True,True,False,False,DRONE
pre_rl_sft,BEGAN,0.24986838249434945,True,True,False,False,BEGAN
pre_rl_sft,CRANE,0.24980596162575958,True,True,False,False,CRANE
pre_rl_sft,CLARE,-0.25,False,False,False,False,
pre_rl_sft,CRANE,0.070728619358106,True,False,False,False,CRANE
pre_rl_sft,BRANE,-0.25,False,False,False,False,
pre_rl_sft,CRANE,0.070728619358106,True,False,False,False,CRANE
pre_rl_sft,CLADE,-0.25,False,False,False,False,
pre_rl_sft,BRANE,-0.25,False,False,False,False,
pre_rl_sft,CORNE,-0.25,False,False,False,False,
pre_rl_sft,CRANE,0.24999096904734275,True,True,False,False,CRANE
pre_rl_sft,CRANE,0.2496849043059971,True,True,False,False,CRANE
pre_rl_sft,LYRIC,0.24299826608436825,True,True,False,False,LYRIC
pre_rl_sft,LYRIC,0.24299826608436825,True,True,False,False,LYRIC
pre_rl_sft,BLOOD,0.24988650833298204,True,True,False,False,BLOOD
pre_rl_sft,FOGUE,-0.25,False,False,False,False,
pre_rl_sft,GOMET,-0.25,False,False,False,False,
pre_rl_sft,FEMMY,-0.25,False,False,False,False,
pre_rl_sft,HOMEN,-0.25,False,False,False,False,
pre_rl_sft,DUED,-0.25,False,False,False,False,
pre_rl_sft,LEVEN,-0.25,False,False,False,False,
pre_rl_sft,FLUED,-0.25,False,False,False,False,
pre_rl_sft,LEVEN,-0.25,False,False,False,False,
pre_rl_sft,CRANE,0.24879978137253844,True,True,False,False,CRANE
pre_rl_sft,CRAZE,0.24726735418930268,True,True,False,False,CRAZE
pre_rl_sft,CRANE,0.24879978137253844,True,True,False,False,CRANE
pre_rl_sft,CRANE,0.24879978137253844,True,True,False,False,CRANE
pre_rl_sft,PERCH,0.32,True,True,False,False,PERCH
pre_rl_sft,MERGY,-0.25,False,False,False,False,
pre_rl_sft,MERRY,-0.30000000000000004,True,False,True,False,MERRY
pre_rl_sft,MERRY,-0.30000000000000004,True,False,True,False,MERRY
pre_rl_sft,RANGY,-0.25,False,False,False,False,
pre_rl_sft,CRAZE,0.09699812382739213,True,False,False,False,CRAZE
pre_rl_sft,CRANE,0.09699812382739213,True,False,False,False,CRANE
pre_rl_sft,BRANE,-0.25,False,False,False,False,
pre_rl_sft,DRUSE,-0.25,False,False,False,False,
pre_rl_sft,DROSS,0.020000000000000004,True,False,False,False,DROSS
pre_rl_sft,BROSE,-0.25,False,False,False,False,
pre_rl_sft,BRUTE,-0.044000000000000004,True,False,False,False,BRUTE
pre_rl_sft,CRANE,0.2496849043059971,True,True,False,False,CRANE
pre_rl_sft,CYBER,0.24976607319052185,True,True,False,False,CYBER
pre_rl_sft,BRANE,-0.25,False,False,False,False,
pre_rl_sft,CRANE,0.2496849043059971,True,True,False,False,CRANE
pre_rl_sft,CRANE,0.24974907642558475,True,True,False,False,CRANE
pre_rl_sft,CRAWN,-0.25,False,False,False,False,
pre_rl_sft,CRENA,-0.25,False,False,False,False,
pre_rl_sft,BRANE,-0.25,False,False,False,False,
pre_rl_sft,SHARE,-0.30000000000000004,True,False,True,False,SHARE
pre_rl_sft,SHARE,-0.30000000000000004,True,False,True,False,SHARE
pre_rl_sft,SHARE,-0.30000000000000004,True,False,True,False,SHARE
pre_rl_sft,SHARE,-0.30000000000000004,True,False,True,False,SHARE
pre_rl_sft,CLEAR,-0.044000000000000004,True,False,False,False,CLEAR
pre_rl_sft,BIRTH,-0.044000000000000004,True,False,False,False,BIRTH
pre_rl_sft,DEART,-0.25,False,False,False,False,
pre_rl_sft,ALERT,-0.30000000000000004,True,False,True,False,ALERT
pre_rl_sft,CRANE,0.24879978137253844,True,True,False,False,CRANE
pre_rl_sft,CRAWN,-0.25,False,False,False,False,
pre_rl_sft,CRAZE,0.24726735418930268,True,True,False,False,CRAZE
pre_rl_sft,CRANE,0.24879978137253844,True,True,False,False,CRANE
pre_rl_sft,CRANE,-0.03154362416107381,True,False,False,False,CRANE
pre_rl_sft,BRANE,-0.25,False,False,False,False,
pre_rl_sft,BRINE,-0.07900552486187844,True,False,False,False,BRINE
pre_rl_sft,CRANE,-0.03154362416107381,True,False,False,False,CRANE
pre_rl_sft,SCOUT,-0.30000000000000004,True,False,True,False,SCOUT
pre_rl_sft,STOOP,0.020000000000000004,True,False,False,False,STOOP
pre_rl_sft,SPOOT,-0.25,False,False,False,False,
pre_rl_sft,SPOUT,0.32,True,True,False,False,SPOUT
pre_rl_sft,CRENA,-0.25,False,False,False,False,
pre_rl_sft,CRANE,0.3392722710163112,True,True,False,False,CRANE
pre_rl_sft,CRANE,0.3392722710163112,True,True,False,False,CRANE
pre_rl_sft,CRAIN,-0.25,False,False,False,False,
pre_rl_sft,BLOOD,-0.03513513513513514,True,False,False,False,BLOOD
pre_rl_sft,LIBEL,-0.09999999999999999,True,False,False,False,LIBEL
pre_rl_sft,LINTY,-0.25,False,False,False,False,
pre_rl_sft,LIBEL,-0.09999999999999999,True,False,False,False,LIBEL
pre_rl_sft,BLOOD,0.06000000000000004,True,False,False,False,BLOOD
pre_rl_sft,DOLLY,0.020000000000000004,True,False,False,False,DOLLY
pre_rl_sft,CLOUGH,-0.25,False,False,False,False,
pre_rl_sft,CLOTH,0.08918918918918921,True,False,False,False,CLOTH
pre_rl_sft,BRINE,0.01859190151005098,True,False,False,False,BRINE
pre_rl_sft,CRANE,0.04060668380462727,True,False,False,False,CRANE
pre_rl_sft,CREAN,-0.25,False,False,False,False,
pre_rl_sft,CRANE,0.04060668380462727,True,False,False,False,CRANE
pre_rl_sft,TAKEN,-0.30000000000000004,True,False,True,False,TAKEN
pre_rl_sft,TAKEA,-0.25,False,False,False,False,
pre_rl_sft,VALET,-0.09999999999999999,True,False,False,False,VALET
pre_rl_sft,DAVEE,-0.25,False,False,False,False,
pre_rl_sft,MULCO,-0.25,False,False,False,False,
pre_rl_sft,CHUMO,-0.25,False,False,False,False,
pre_rl_sft,BLOOD,0.020000000000000004,True,False,False,False,BLOOD
pre_rl_sft,DOLLY,0.07647058823529414,True,False,False,False,DOLLY
pre_rl_sft,DROIT,-0.30000000000000004,True,False,True,False,DROIT
pre_rl_sft,CROWD,-0.09999999999999999,True,False,False,False,CROWD
pre_rl_sft,CIRCA,-0.09999999999999999,True,False,False,False,CIRCA
pre_rl_sft,KRITI,-0.25,False,False,False,False,
pre_rl_sft,LYING,0.2499993282622106,True,True,False,False,LYING
pre_rl_sft,CRANE,0.2498351933456609,True,True,False,False,CRANE
pre_rl_sft,CRANE,0.2498351933456609,True,True,False,False,CRANE
pre_rl_sft,LYRIC,0.2498281087353999,True,True,False,False,LYRIC
pre_rl_sft,CLARE,-0.25,False,False,False,False,
pre_rl_sft,CRANE,0.06069698257543564,True,False,False,False,CRANE
pre_rl_sft,CRAFT,0.08403619909502265,True,False,False,False,CRAFT
pre_rl_sft,CRANE,0.06069698257543564,True,False,False,False,CRANE
post_grpo,BRANE,-0.25,False,False,False,False,
post_grpo,CRANE,0.0566055930568949,True,False,False,False,CRANE
post_grpo,CRIER,-0.025055762081784366,True,False,False,False,CRIER
post_grpo,CRANE,0.0566055930568949,True,False,False,False,CRANE
post_grpo,CRONY,-0.09999999999999999,True,False,False,False,CRONY
post_grpo,BROTH,-0.09999999999999999,True,False,False,False,BROTH
post_grpo,CORNY,-0.09999999999999999,True,False,False,False,CORNY
post_grpo,CROOK,-0.09999999999999999,True,False,False,False,CROOK
post_grpo,CLARE,-0.25,False,False,False,False,
post_grpo,GAMMA,0.2499993282622106,True,True,False,False,GAMMA
post_grpo,CRANE,0.24985555367578033,True,True,False,False,CRANE
post_grpo,CRANE,0.24985555367578033,True,True,False,False,CRANE
post_grpo,CRANE,0.05569230769230772,True,False,False,False,CRANE
post_grpo,CRANE,0.05569230769230772,True,False,False,False,CRANE
post_grpo,BRANK,-0.25,False,False,False,False,
post_grpo,CRANE,0.05569230769230772,True,False,False,False,CRANE
post_grpo,CRUSH,-0.09999999999999999,True,False,False,False,CRUSH
post_grpo,CRUST,-0.30000000000000004,True,False,True,False,CRUST
post_grpo,CRUSH,-0.09999999999999999,True,False,False,False,CRUSH
post_grpo,DRUNK,-0.09999999999999999,True,False,False,False,DRUNK
post_grpo,CONEY,-0.25,False,False,False,False,
post_grpo,CICER,-0.25,False,False,False,False,
post_grpo,MINEE,-0.25,False,False,False,False,
post_grpo,INEPT,0.06981132075471701,True,False,False,False,INEPT
post_grpo,MANGE,-0.09999999999999999,True,False,False,False,MANGE
post_grpo,TEACH,-0.09999999999999999,True,False,False,False,TEACH
post_grpo,NEAK,-0.25,False,False,False,False,
post_grpo,HEATH,-0.09999999999999999,True,False,False,False,HEATH
post_grpo,CRANE,0.2499981340672669,True,True,False,False,CRANE
post_grpo,CRANE,0.2499981340672669,True,True,False,False,CRANE
post_grpo,BRANE,-0.25,False,False,False,False,
post_grpo,BOWLY,-0.25,False,False,False,False,
post_grpo,CRANE,0.24922497438836094,True,True,False,False,CRANE
post_grpo,CRANE,0.24922497438836094,True,True,False,False,CRANE
post_grpo,CRANE,0.24922497438836094,True,True,False,False,CRANE
post_grpo,CLONE,0.24989784714156676,True,True,False,False,CLONE
post_grpo,CREAN,-0.25,False,False,False,False,
post_grpo,CRANE,0.08117647058823531,True,False,False,False,CRANE
post_grpo,CRANE,0.08117647058823531,True,False,False,False,CRANE
post_grpo,BRANE,-0.25,False,False,False,False,
post_grpo,SUNNY,-0.09999999999999999,True,False,False,False,SUNNY
post_grpo,SNEEK,-0.25,False,False,False,False,
post_grpo,SPIE,-0.25,False,False,False,False,
post_grpo,SPITE,-0.09999999999999999,True,False,False,False,SPITE
post_grpo,CRANE,0.248664281525952,True,True,False,False,CRANE
post_grpo,CLARE,-0.25,False,False,False,False,
post_grpo,CRANE,0.248664281525952,True,True,False,False,CRANE
post_grpo,CRANE,0.248664281525952,True,True,False,False,CRANE
post_grpo,CLOTH,0.020000000000000004,True,False,False,False,CLOTH
post_grpo,CLOUGH,-0.25,False,False,False,False,
post_grpo,GULCH,0.020000000000000004,True,False,False,False,GULCH
post_grpo,CLOUT,0.020000000000000004,True,False,False,False,CLOUT
post_grpo,CLOUD,-0.06393442622950819,True,False,False,False,CLOUD
post_grpo,CHUNK,0.020000000000000004,True,False,False,False,CHUNK
post_grpo,MULCH,-0.30000000000000004,True,False,True,False,MULCH
post_grpo,CLOCK,-0.09999999999999999,True,False,False,False,CLOCK
post_grpo,CRANE,0.010802775024777014,True,False,False,False,CRANE
post_grpo,CRANE,0.010802775024777014,True,False,False,False,CRANE
post_grpo,CREAN,-0.25,False,False,False,False,
post_grpo,CRANE,0.010802775024777014,True,False,False,False,CRANE
post_grpo,CLAVE,-0.25,False,False,False,False,
post_grpo,CRANE,0.24922497438836094,True,True,False,False,CRANE
post_grpo,CRANE,0.24922497438836094,True,True,False,False,CRANE
post_grpo,CRANE,0.24922497438836094,True,True,False,False,CRANE
post_grpo,ABIDE,-0.09999999999999999,True,False,False,False,ABIDE
post_grpo,ALIEN,-0.09999999999999999,True,False,False,False,ALIEN
post_grpo,ANNEX,0.020000000000000004,True,False,False,False,ANNEX
post_grpo,ABYSS,0.020000000000000004,True,False,False,False,ABYSS
post_grpo,CRANE,0.248664281525952,True,True,False,False,CRANE
post_grpo,CRANE,0.248664281525952,True,True,False,False,CRANE
post_grpo,CRANE,0.248664281525952,True,True,False,False,CRANE
post_grpo,CRANE,0.248664281525952,True,True,False,False,CRANE
post_grpo,CAVEY,-0.25,False,False,False,False,
post_grpo,CAMEL,0.04482758620689657,True,False,False,False,CAMEL
post_grpo,VACER,-0.25,False,False,False,False,
post_grpo,VAMEN,-0.25,False,False,False,False,
post_grpo,MULLE,-0.25,False,False,False,False,
post_grpo,BEGAN,-0.01235955056179773,True,False,False,False,BEGAN
post_grpo,LEBBE,-0.25,False,False,False,False,
post_grpo,HUMID,0.05068493150684934,True,False,False,False,HUMID
post_grpo,CRANE,0.08461538461538463,True,False,False,False,CRANE
post_grpo,BRANE,-0.25,False,False,False,False,
post_grpo,CRANE狈,-0.25,False,False,False,False,
post_grpo,CRANE,0.08461538461538463,True,False,False,False,CRANE
post_grpo,CRANE,0.010802775024777014,True,False,False,False,CRANE
post_grpo,C%,-0.25,False,False,False,False,
post_grpo,CRANE,0.010802775024777014,True,False,False,False,CRANE
post_grpo,BRANE,-0.25,False,False,False,False,
post_grpo,PROOF,-0.09999999999999999,True,False,False,False,PROOF
post_grpo,PROWN,-0.25,False,False,False,False,
post_grpo,PROXY,2.2,True,True,False,True,PROXY
post_grpo,PROUD,-0.09999999999999999,True,False,False,False,PROUD
post_grpo,BLADE,-0.30000000000000004,True,False,True,False,BLADE
post_grpo,DENSE,-0.015294117647058805,True,False,False,False,DENSE
post_grpo,ALAZE,-0.25,False,False,False,False,
post_grpo,FLADE,-0.25,False,False,False,False,
post_grpo,CRANE,0.09905044510385759,True,False,False,False,CRANE
post_grpo,CRANE,0.09905044510385759,True,False,False,False,CRANE
post_grpo,CRANE,0.09905044510385759,True,False,False,False,CRANE
post_grpo,CRAZY,0.09905044510385759,True,False,False,False,CRAZY
post_grpo,CRAZE,0.24726735418930268,True,True,False,False,CRAZE
post_grpo,CRANE,0.24879978137253844,True,True,False,False,CRANE
post_grpo,CRAZE,0.24726735418930268,True,True,False,False,CRAZE
post_grpo,CRANE,0.24879978137253844,True,True,False,False,CRANE
post_grpo,CAREM,-0.25,False,False,False,False,
post_grpo,TAPER,-0.30000000000000004,True,False,True,False,TAPER
post_grpo,TERA,-0.25,False,False,False,False,
post_grpo,TEARP,-0.25,False,False,False,False,
post_grpo,CRANE,0.0950007714858818,True,False,False,False,CRANE
post_grpo,CRANE,0.0950007714858818,True,False,False,False,CRANE
post_grpo,CRANE,0.0950007714858818,True,False,False,False,CRANE
post_grpo,CRANE,0.0950007714858818,True,False,False,False,CRANE
post_grpo,CRANE,0.2496849043059971,True,True,False,False,CRANE
post_grpo,CRAZY,0.2491631258471107,True,True,False,False,CRAZY
post_grpo,CRANE,0.2496849043059971,True,True,False,False,CRANE
post_grpo,BRANE,-0.25,False,False,False,False,
post_grpo,CRANE,0.24879978137253844,True,True,False,False,CRANE
post_grpo,CRANE,0.24879978137253844,True,True,False,False,CRANE
post_grpo,CRANE,0.24879978137253844,True,True,False,False,CRANE
post_grpo,BUTCH,0.20940762265594703,True,True,False,False,BUTCH
post_grpo,CRANE,0.24879978137253844,True,True,False,False,CRANE
post_grpo,CRANE,0.24879978137253844,True,True,False,False,CRANE
post_grpo,DRANE,-0.25,False,False,False,False,
post_grpo,CRANE,0.24879978137253844,True,True,False,False,CRANE
post_grpo,CRANE,0.24997581886087805,True,True,False,False,CRANE
post_grpo,CLAN,-0.25,False,False,False,False,
post_grpo,CRANE,0.24997581886087805,True,True,False,False,CRANE
post_grpo,BRANE,-0.25,False,False,False,False,
post_grpo,CRANE,0.24922497438836094,True,True,False,False,CRANE
post_grpo,CRANE,0.24922497438836094,True,True,False,False,CRANE
post_grpo,CRANE,0.24922497438836094,True,True,False,False,CRANE
post_grpo,CRANE,0.24922497438836094,True,True,False,False,CRANE
post_grpo,CRANE Jeżeli,-0.25,False,False,False,False,
post_grpo,CRAFT,0.23701744231495897,True,True,False,False,CRAFT
post_grpo,CRANE,0.24490317025624891,True,True,False,False,CRANE
post_grpo,BASAL,0.24999522324696427,True,True,False,False,BASAL
post_grpo,ROPEE,-0.25,False,False,False,False,
post_grpo,CORPE,-0.25,False,False,False,False,
post_grpo,BROKE,0.23058823529411768,True,True,False,False,BROKE
post_grpo,PROFE,-0.25,False,False,False,False,
post_grpo,CRAZE,0.24984891583119612,True,True,False,False,CRAZE
post_grpo,CLANE,-0.25,False,False,False,False,
post_grpo,DRANE,-0.25,False,False,False,False,
post_grpo,BRANE,-0.25,False,False,False,False,
post_grpo,CRANE,0.06069698257543564,True,False,False,False,CRANE
post_grpo,CRANE,0.06069698257543564,True,False,False,False,CRANE
post_grpo,CRANE,0.06069698257543564,True,False,False,False,CRANE
post_grpo,CRANE,0.06069698257543564,True,False,False,False,CRANE
post_grpo,CORRO,-0.25,False,False,False,False,
post_grpo,摘要,-0.25,False,False,False,False,
post_grpo,CORNY,-0.09999999999999999,True,False,False,False,CORNY
post_grpo,COULT,-0.25,False,False,False,False,
post_grpo,SLEEP,-0.09999999999999999,True,False,False,False,SLEEP
post_grpo,SLADE,-0.25,False,False,False,False,
post_grpo,SLOVE,-0.25,False,False,False,False,
post_grpo,SHADE,-0.09999999999999999,True,False,False,False,SHADE
post_grpo,CRANE,0.07774612782624178,True,False,False,False,CRANE
post_grpo,CRANE,0.07774612782624178,True,False,False,False,CRANE
post_grpo,CRANE,0.07774612782624178,True,False,False,False,CRANE
post_grpo,GAMMA,-0.041007018614586485,True,False,False,False,GAMMA
post_grpo,CRANE,0.07774612782624178,True,False,False,False,CRANE
post_grpo,CRANE,0.07774612782624178,True,False,False,False,CRANE
post_grpo,CRANE,0.07774612782624178,True,False,False,False,CRANE
post_grpo,CRANE,0.07774612782624178,True,False,False,False,CRANE
post_grpo,PIZZY,-0.25,False,False,False,False,
post_grpo,KITTY,0.08461538461538463,True,False,False,False,KITTY
post_grpo,CLOTH,-0.056097560975609743,True,False,False,False,CLOTH
post_grpo,JUICY,0.08461538461538463,True,False,False,False,JUICY
post_grpo,CRANE,0.08918918918918921,True,False,False,False,CRANE
post_grpo,CRANE,0.08918918918918921,True,False,False,False,CRANE
post_grpo,CRANE,0.08918918918918921,True,False,False,False,CRANE
post_grpo,CRANE,0.08918918918918921,True,False,False,False,CRANE
post_grpo,CREES,-0.25,False,False,False,False,
post_grpo,BROSE,-0.25,False,False,False,False,
post_grpo,BRACE,-0.09999999999999999,True,False,False,False,BRACE
post_grpo,CARSE,-0.25,False,False,False,False,
post_grpo,BRANE,-0.25,False,False,False,False,
post_grpo,CRANE,0.07196996782266717,True,False,False,False,CRANE
post_grpo,GROOM,0.012432432432432458,True,False,False,False,GROOM
post_grpo,CRANE,0.07196996782266717,True,False,False,False,CRANE
post_grpo,CRANE,0.24994955130701108,True,True,False,False,CRANE
post_grpo,CRANE,0.24994955130701108,True,True,False,False,CRANE
post_grpo,CRAZE,0.2499372395787664,True,True,False,False,CRAZE
post_grpo,CRANE,0.24994955130701108,True,True,False,False,CRANE
post_grpo,FIELD,-0.30000000000000004,True,False,True,False,FIELD
post_grpo,LIBEL,-0.09999999999999999,True,False,False,False,LIBEL
post_grpo,FIELD,-0.30000000000000004,True,False,True,False,FIELD
post_grpo,FIELD,-0.30000000000000004,True,False,True,False,FIELD
post_grpo,BRANE,-0.25,False,False,False,False,
post_grpo,RANGE,0.09119804400977997,True,False,False,False,RANGE
post_grpo,CRANE,0.08461538461538463,True,False,False,False,CRANE
post_grpo,CRANE,0.08461538461538463,True,False,False,False,CRANE
post_grpo,WORRY,-0.023076923076923064,True,False,False,False,WORRY
post_grpo,DRINK,-0.023076923076923064,True,False,False,False,DRINK
post_grpo,FROTH,0.08918918918918921,True,False,False,False,FROTH
post_grpo,GROTH,-0.25,False,False,False,False,
post_grpo,CARGO,0.06000000000000004,True,False,False,False,CARGO
post_grpo,ARMY,-0.25,False,False,False,False,
post_grpo,DRAGON,-0.25,False,False,False,False,
post_grpo,CARON,-0.25,False,False,False,False,
post_grpo,CRAZY,0.2496849043059971,True,True,False,False,CRAZY
post_grpo,CRANE,0.248664281525952,True,True,False,False,CRANE
post_grpo,CRAIN,-0.25,False,False,False,False,
post_grpo,BRANE,-0.25,False,False,False,False,
post_grpo,HOURD,-0.25,False,False,False,False,
post_grpo,TURCK,-0.25,False,False,False,False,
post_grpo,HUMAN,-0.09999999999999999,True,False,False,False,HUMAN
post_grpo,CROOK,-0.09999999999999999,True,False,False,False,CROOK
post_grpo,GRAPE,0.09975015615240478,True,False,False,False,GRAPE
post_grpo,CRANE,0.06178631995477672,True,False,False,False,CRANE
post_grpo,CRANE,0.06178631995477672,True,False,False,False,CRANE
post_grpo,BREAD,0.05634743875278399,True,False,False,False,BREAD
post_grpo,PRAVE,-0.25,False,False,False,False,
post_grpo,FRAME,2.3000000000000003,True,True,False,True,FRAME
post_grpo,GRADE,-0.09999999999999999,True,False,False,False,GRADE
post_grpo,GRADE,-0.09999999999999999,True,False,False,False,GRADE
post_grpo,CRATE,-0.09999999999999999,True,False,False,False,CRATE
post_grpo,BRAZE,-0.25,False,False,False,False,
post_grpo,CRANE,-0.09999999999999999,True,False,False,False,CRANE
post_grpo,DRAGE,-0.25,False,False,False,False,
post_grpo,CRANE,0.24974907642558475,True,True,False,False,CRANE
post_grpo,CRANE,0.24974907642558475,True,True,False,False,CRANE
post_grpo,CRANE,0.24974907642558475,True,True,False,False,CRANE
post_grpo,BRANE,-0.25,False,False,False,False,
post_grpo,CRANE,0.2499455965480301,True,True,False,False,CRANE
post_grpo,CRANE,0.2499455965480301,True,True,False,False,CRANE
post_grpo,CLANE,-0.25,False,False,False,False,
post_grpo,CRANE,0.2499455965480301,True,True,False,False,CRANE
post_grpo,BOOSE,-0.25,False,False,False,False,
post_grpo,SOKE,-0.25,False,False,False,False,
post_grpo,SLEEP,-0.09999999999999999,True,False,False,False,SLEEP
post_grpo,DOSKE,-0.25,False,False,False,False,
post_grpo,DUMMY,0.020000000000000004,True,False,False,False,DUMMY
post_grpo,DOLLY,0.020000000000000004,True,False,False,False,DOLLY
post_grpo,LYMPH,0.020000000000000004,True,False,False,False,LYMPH
post_grpo,CLUMP,0.020000000000000004,True,False,False,False,CLUMP
post_grpo,CRAFT,0.24732360886508226,True,True,False,False,CRAFT
post_grpo,CRANE,0.2493963473424844,True,True,False,False,CRANE
post_grpo,BRANE,-0.25,False,False,False,False,
post_grpo,CRANE,0.2493963473424844,True,True,False,False,CRANE
post_grpo,GRAPH,-0.30000000000000004,True,False,True,False,GRAPH
post_grpo,GRAPH,-0.30000000000000004,True,False,True,False,GRAPH
post_grpo,GRAPH,-0.30000000000000004,True,False,True,False,GRAPH
post_grpo,GRAPH,-0.30000000000000004,True,False,True,False,GRAPH
post_grpo,CRANE,0.0990348525469169,True,False,False,False,CRANE
post_grpo,CRAIN,-0.25,False,False,False,False,
post_grpo,CLONE,0.39957046979865773,True,True,False,False,CLONE
post_grpo,DRINK,0.09828739630719831,True,False,False,False,DRINK
post_grpo,HAUTE,-0.09999999999999999,True,False,False,False,HAUTE
post_grpo,HAUTE,-0.09999999999999999,True,False,False,False,HAUTE
post_grpo,GAUZE,-0.09999999999999999,True,False,False,False,GAUZE
post_grpo,HAUTE,-0.09999999999999999,True,False,False,False,HAUTE
post_grpo,CRANE,0.248664281525952,True,True,False,False,CRANE
post_grpo,CYBER,0.24743439761905334,True,True,False,False,CYBER
post_grpo,CRANE,0.248664281525952,True,True,False,False,CRANE
post_grpo,CRANE,0.248664281525952,True,True,False,False,CRANE
post_grpo,RACER,0.09603960396039606,True,False,False,False,RACER
post_grpo,CRANE,0.09603960396039606,True,False,False,False,CRANE
post_grpo,BRANE,-0.25,False,False,False,False,
post_grpo,CRANE,0.09603960396039606,True,False,False,False,CRANE
post_grpo,CRANE,0.2499455965480301,True,True,False,False,CRANE
post_grpo,CRANE,0.2499455965480301,True,True,False,False,CRANE
post_grpo,BRANE,-0.25,False,False,False,False,
post_grpo,BRANE,-0.25,False,False,False,False,
post_grpo,PILOT,-0.30000000000000004,True,False,True,False,PILOT
post_grpo,PLIOT,-0.25,False,False,False,False,
post_grpo,PIOTY,-0.25,False,False,False,False,
post_grpo,PILLY,-0.25,False,False,False,False,
post_grpo,CRANE,0.24999096904734275,True,True,False,False,CRANE
post_grpo,CRANE,0.24999096904734275,True,True,False,False,CRANE
post_grpo,CRANE,0.24999096904734275,True,True,False,False,CRANE
post_grpo,CRAWN,-0.25,False,False,False,False,
post_grpo,LYRIC,0.24299826608436825,True,True,False,False,LYRIC
post_grpo,CRANE,0.2496849043059971,True,True,False,False,CRANE
post_grpo,CRANE,0.2496849043059971,True,True,False,False,CRANE
post_grpo,CRANE,0.2496849043059971,True,True,False,False,CRANE
post_grpo,SWUSH,-0.25,False,False,False,False,
post_grpo,SLUSH,0.020000000000000004,True,False,False,False,SLUSH
post_grpo,BLOTH,-0.25,False,False,False,False,
post_grpo,SLOSH,0.020000000000000004,True,False,False,False,SLOSH
post_grpo,CRANE,0.24981349285910787,True,True,False,False,CRANE
post_grpo,CRANE,0.24981349285910787,True,True,False,False,CRANE
post_grpo,CRANE,0.24981349285910787,True,True,False,False,CRANE
post_grpo,CLONE,0.24619062334011121,True,True,False,False,CLONE
post_grpo,STONY,0.08918918918918921,True,False,False,False,STONY
post_grpo,SWUMP,-0.25,False,False,False,False,
post_grpo,SHOUL,-0.25,False,False,False,False,
post_grpo,SUNGY,-0.25,False,False,False,False,
post_grpo,CRANE,0.24879978137253844,True,True,False,False,CRANE
post_grpo,CRANE,0.24879978137253844,True,True,False,False,CRANE
post_grpo,CRANE,0.24879978137253844,True,True,False,False,CRANE
post_grpo,BRANE,-0.25,False,False,False,False,
post_grpo,DORUS,-0.25,False,False,False,False,
post_grpo,CROOK,0.020000000000000004,True,False,False,False,CROOK
post_grpo,CRANK,-0.023076923076923064,True,False,False,False,CRANK
post_grpo,CRAFT,0.06000000000000004,True,False,False,False,CRAFT
post_grpo,CRANE,0.24980596162575958,True,True,False,False,CRANE
post_grpo,CRANE,0.24980596162575958,True,True,False,False,CRANE
post_grpo,CRANE,0.24980596162575958,True,True,False,False,CRANE
post_grpo,CRANE,0.24980596162575958,True,True,False,False,CRANE
post_grpo,BRANE,-0.25,False,False,False,False,
post_grpo,GRAPE,-0.06233107422588368,True,False,False,False,GRAPE
post_grpo,CRANE,0.070728619358106,True,False,False,False,CRANE
post_grpo,GAMMA,-0.050547344209226054,True,False,False,False,GAMMA
post_grpo,CRANE,0.24999096904734275,True,True,False,False,CRANE
post_grpo,CRANE,0.24999096904734275,True,True,False,False,CRANE
post_grpo,CRANE,0.24999096904734275,True,True,False,False,CRANE
post_grpo,BEGUN,0.23689869747528336,True,True,False,False,BEGUN
post_grpo,CRANE,0.2496849043059971,True,True,False,False,CRANE
post_grpo,CRANE,0.2496849043059971,True,True,False,False,CRANE
post_grpo,CRANE,0.2496849043059971,True,True,False,False,CRANE
post_grpo,BRANE,-0.25,False,False,False,False,
post_grpo,FEMON,-0.25,False,False,False,False,
post_grpo,CLOTH,-0.09999999999999999,True,False,False,False,CLOTH
post_grpo,CLOTH,-0.09999999999999999,True,False,False,False,CLOTH
post_grpo,CAMEL,-0.09999999999999999,True,False,False,False,CAMEL
post_grpo,DOWEL,-0.09999999999999999,True,False,False,False,DOWEL
post_grpo,DOZEN,-0.09999999999999999,True,False,False,False,DOZEN
post_grpo,DEBUT,-0.09999999999999999,True,False,False,False,DEBUT
post_grpo,FLUED,-0.25,False,False,False,False,
post_grpo,CRANE,0.24879978137253844,True,True,False,False,CRANE
post_grpo,CRANE,0.24879978137253844,True,True,False,False,CRANE
post_grpo,这个人,-0.25,False,False,False,False,
post_grpo,CRAZE,0.24726735418930268,True,True,False,False,CRAZE
post_grpo,ERUPT,0.020000000000000004,True,False,False,False,ERUPT
post_grpo,BERKY,-0.25,False,False,False,False,
post_grpo,WERRY,-0.25,False,False,False,False,
post_grpo,NERDY,0.020000000000000004,True,False,False,False,NERDY
post_grpo,CREAN,-0.25,False,False,False,False,
post_grpo,CRANE,0.09699812382739213,True,False,False,False,CRANE
post_grpo,GRAPE,0.0031518624641833914,True,False,False,False,GRAPE
post_grpo,BRANE,-0.25,False,False,False,False,
post_grpo,DRUTE,-0.25,False,False,False,False,
post_grpo,FURSE,-0.25,False,False,False,False,
post_grpo,DROSS,0.020000000000000004,True,False,False,False,DROSS
post_grpo,CROSS,0.020000000000000004,True,False,False,False,CROSS
post_grpo,DRANE,-0.25,False,False,False,False,
post_grpo,CHAFE,0.24997581886087805,True,True,False,False,CHAFE
post_grpo,BRANE,-0.25,False,False,False,False,
post_grpo,CRANE,0.2496849043059971,True,True,False,False,CRANE
post_grpo,CRAZE,0.24726735418930268,True,True,False,False,CRAZE
post_grpo,CREAN,-0.25,False,False,False,False,
post_grpo,CRANE,0.24974907642558475,True,True,False,False,CRANE
post_grpo,CRANE,0.24974907642558475,True,True,False,False,CRANE
post_grpo,SHARE,-0.30000000000000004,True,False,True,False,SHARE
post_grpo,SHARE,-0.30000000000000004,True,False,True,False,SHARE
post_grpo,SHARE,-0.30000000000000004,True,False,True,False,SHARE
post_grpo,SARVE,-0.25,False,False,False,False,
post_grpo,DEARY,-0.25,False,False,False,False,
post_grpo,ALARM,-0.044000000000000004,True,False,False,False,ALARM
post_grpo,ARENA,-0.09999999999999999,True,False,False,False,ARENA
post_grpo,AERAY,-0.25,False,False,False,False,
post_grpo,CRANE,0.24879978137253844,True,True,False,False,CRANE
post_grpo,CRANE,0.24879978137253844,True,True,False,False,CRANE
post_grpo,BLAZE,0.24958060337194893,True,True,False,False,BLAZE
post_grpo,CRANE,0.24879978137253844,True,True,False,False,CRANE
post_grpo,CRANE,-0.03154362416107381,True,False,False,False,CRANE
post_grpo,GRAPE,0.08461538461538463,True,False,False,False,GRAPE
post_grpo,CRANE,-0.03154362416107381,True,False,False,False,CRANE
post_grpo,GRAPE,0.08461538461538463,True,False,False,False,GRAPE
post_grpo,SOFTY,-0.25,False,False,False,False,
post_grpo,SPOUT ritual,-0.25,False,False,False,False,
post_grpo,SPOUT,0.32,True,True,False,False,SPOUT
post_grpo,STUCK,-0.09999999999999999,True,False,False,False,STUCK
post_grpo,CRANE,0.3392722710163112,True,True,False,False,CRANE
post_grpo,CRANE,0.3392722710163112,True,True,False,False,CRANE
post_grpo,CRANE,0.3392722710163112,True,True,False,False,CRANE
post_grpo,BRANE,-0.25,False,False,False,False,
post_grpo,CLIME,-0.25,False,False,False,False,
post_grpo,CLOCK,0.09200000000000001,True,False,False,False,CLOCK
post_grpo,LIMIT,-0.03513513513513514,True,False,False,False,LIMIT
post_grpo,BINGE,-0.09999999999999999,True,False,False,False,BINGE
post_grpo,DOLLY,0.020000000000000004,True,False,False,False,DOLLY
post_grpo,DOLLY,0.020000000000000004,True,False,False,False,DOLLY
post_grpo,BOUGH,0.08918918918918921,True,False,False,False,BOUGH
post_grpo,LOUGH,-0.25,False,False,False,False,
post_grpo,CRANE,0.04060668380462727,True,False,False,False,CRANE
post_grpo,CRANE,0.04060668380462727,True,False,False,False,CRANE
post_grpo,CRANE,0.04060668380462727,True,False,False,False,CRANE
post_grpo,CRANE,0.04060668380462727,True,False,False,False,CRANE
post_grpo,HAZEL,-0.09999999999999999,True,False,False,False,HAZEL
post_grpo,DAVEN,-0.25,False,False,False,False,
post_grpo,KALEAN,-0.25,False,False,False,False,
post_grpo,MATEY,-0.09999999999999999,True,False,False,False,MATEY
post_grpo,LYMPH,0.07647058823529414,True,False,False,False,LYMPH
post_grpo,LOFTY,0.07647058823529414,True,False,False,False,LOFTY
post_grpo,MUSHY,0.07647058823529414,True,False,False,False,MUSHY
post_grpo,COYLY,0.07647058823529414,True,False,False,False,COYLY
post_grpo,CRUEL,-0.09999999999999999,True,False,False,False,CRUEL
post_grpo,D negatively,-0.25,False,False,False,False,
post_grpo,BRIDGE,-0.25,False,False,False,False,
post_grpo,GROOF,-0.25,False,False,False,False,
post_grpo,CRANE,0.2498351933456609,True,True,False,False,CRANE
post_grpo,CRANE,0.2498351933456609,True,True,False,False,CRANE
post_grpo,CRANE,0.2498351933456609,True,True,False,False,CRANE
post_grpo,CRANE,0.2498351933456609,True,True,False,False,CRANE
post_grpo,CRANE,0.06069698257543564,True,False,False,False,CRANE
post_grpo,CRANE,0.06069698257543564,True,False,False,False,CRANE
post_grpo,CRANE,0.06069698257543564,True,False,False,False,CRANE
post_grpo,CRANE,0.06069698257543564,True,False,False,False,CRANE
