prompt_style,expected,output,strict_valid,exact,history_consistent,turn,candidate_count
curriculum,ADORN,SHEAR,True,False,False,2,78
gameplay,ADORN,CRANE,True,False,False,2,78
curriculum,FELLA,LEACH,True,False,False,3,6
gameplay,FELLA,LEACH,True,False,False,3,6
curriculum,SLASH,SHEAR,True,False,False,2,22
gameplay,SLASH,CRANE,True,False,False,2,22
curriculum,TRAIL,SHEAR,True,False,False,2,18
gameplay,TRAIL,CRANE,True,False,False,2,18
curriculum,ADMIT,DAILY,True,False,False,3,1
gameplay,ADMIT,CIRCA,True,False,False,3,1
curriculum,ADOBE,ALPHA,True,False,False,3,1
gameplay,ADOBE,BAGEL,True,False,False,3,1
curriculum,ALERT,SHEAR,True,False,False,2,34
gameplay,ALERT,CRANE,True,False,False,2,34
curriculum,HEAVE,DAILY,True,False,False,3,11
gameplay,HEAVE,BAGEL,True,False,False,3,11
curriculum,AGAPE,MEAVE,True,False,False,4,5
gameplay,AGAPE,MEAVE,True,False,False,4,5
curriculum,AGATE,AGAPE,True,False,False,5,1
gameplay,AGATE,AGAPE,True,False,False,5,1
curriculum,ALIGN,SHEAR,True,False,False,2,12
gameplay,ALIGN,CRANE,True,False,False,2,12
curriculum,AHEAD,LEACH,True,False,False,3,2
gameplay,AHEAD,LEACH,True,False,False,3,2
curriculum,AIDER,SHEAR,True,False,False,2,1
gameplay,AIDER,CRANE,True,False,False,2,1
curriculum,ALARM,ABORT,True,False,False,3,2
gameplay,ALARM,ADORN,True,False,False,3,2
curriculum,ALLAY,ALOUD,True,False,False,3,1
gameplay,ALLAY,BLOAT,True,False,False,3,1
curriculum,ALOOF,ALOUD,True,False,False,3,1
gameplay,ALOOF,BLOAT,True,False,False,3,1
curriculum,AMAZE,ABOVE,True,False,False,5,2
gameplay,AMAZE,ABOVE,True,False,False,5,2
curriculum,AMITY,ALIEN,True,False,False,3,2
gameplay,AMITY,ALIEN,True,False,False,3,2
curriculum,AMPLY,ALOUD,True,False,False,3,5
gameplay,AMPLY,BLOOD,True,False,False,3,5
curriculum,COMMA,ALOUD,True,False,False,3,7
gameplay,COMMA,BLOOD,True,False,False,3,7
curriculum,APPLY,AMPLY,True,False,False,4,1
gameplay,APPLY,AMPLY,True,False,False,4,1
curriculum,AROSE,SHEAR,True,False,False,2,2
gameplay,AROSE,CRANE,True,False,False,2,2
curriculum,STRAP,SHEAR,True,False,False,2,21
gameplay,STRAP,CRANE,True,False,False,2,21
curriculum,STALK,SHEAR,True,False,False,2,43
gameplay,STALK,CRANE,True,False,False,2,43
curriculum,ASSAY,BASTA,True,False,False,3,1
gameplay,ASSAY,STAMP,True,False,False,3,1
curriculum,BLARE,BRACE,True,False,False,3,3
gameplay,BLARE,CRANE,True,False,False,3,3
curriculum,AWARE,CLARE,True,False,False,4,1
gameplay,AWARE,CLARE,True,False,False,4,1
curriculum,CABLE,SHEAR,True,False,False,2,26
gameplay,CABLE,CRANE,True,False,False,2,26
curriculum,BADGE,BACER,True,False,False,3,3
gameplay,BADGE,CAMEL,True,False,False,3,3
curriculum,BAWDY,BAGGY,True,False,False,3,13
gameplay,BAWDY,TALON,True,False,False,3,13
curriculum,NAVEL,SHEAR,True,False,False,2,20
gameplay,NAVEL,CRANE,True,False,False,2,20
curriculum,LABEL,VALET,True,False,False,3,5
gameplay,LABEL,VALET,True,False,False,3,5
curriculum,TAPER,SHEAR,True,False,False,2,28
gameplay,TAPER,CRANE,True,False,False,2,28
curriculum,LAGER,BAYER,True,False,True,3,12
gameplay,LAGER,PARER,True,False,False,3,12
curriculum,BAKER,MAGER,True,False,False,4,4
gameplay,BAKER,MAGER,True,False,False,4,4
curriculum,BANJO,BANAL,True,False,False,4,1
gameplay,BANJO,BANAL,True,False,False,4,1
curriculum,PARTY,SHEAR,True,False,False,2,26
gameplay,PARTY,CRANE,True,False,False,2,26
curriculum,CAROL,BARTY,True,False,False,3,6
gameplay,CAROL,BARTY,True,False,False,3,6
curriculum,BARON,FARCE,True,False,False,4,1
gameplay,BARON,FARCE,True,False,False,4,1
curriculum,SALON,SHEAR,True,False,False,2,20
gameplay,SALON,CRANE,True,False,False,2,20
curriculum,CASTE,SHEAR,True,False,False,2,9
gameplay,CASTE,CRANE,True,False,False,2,9
curriculum,BASTE,FASHY,True,False,False,3,5
gameplay,BASTE,CASTE,True,False,False,3,5
curriculum,BEARD,BREACH,False,False,False,3,5
gameplay,BEARD,BEGAN,True,False,False,3,5
curriculum,BETEL,SHEAR,True,False,False,2,121
gameplay,BETEL,CRANE,True,False,False,2,121
curriculum,LINEN,SHEAR,True,False,False,2,35
gameplay,LINEN,CRANE,True,False,False,2,35
curriculum,BEFIT,MINEY,True,False,False,3,7
gameplay,BEFIT,CINCH,True,False,False,3,7
curriculum,BEGIN,MINEY,True,False,False,3,1
gameplay,BEGIN,CINCH,True,False,False,3,1
curriculum,EDICT,SHEAR,True,False,False,2,15
gameplay,EDICT,CRANE,True,False,False,2,15
curriculum,LUNGE,SHEAR,True,False,False,2,61
gameplay,LUNGE,CRANE,True,False,False,2,61
curriculum,DETER,SHEAR,True,False,False,2,102
gameplay,DETER,CRANE,True,False,False,2,102
curriculum,MERRY,FREED,True,False,False,3,8
gameplay,MERRY,ERUPT,True,False,False,3,8
curriculum,WINDY,FILTH,True,False,False,3,16
gameplay,WINDY,CLOTH,True,False,False,3,16
curriculum,BIDDY,DINGY,True,False,False,4,2
gameplay,BIDDY,DINGY,True,False,False,4,2
curriculum,DROIT,SHEAR,True,False,False,2,23
gameplay,DROIT,CRANE,True,False,False,2,23
curriculum,BIRCH,TRIUM,True,False,False,3,3
gameplay,BIRCH,BRITZ,True,False,False,3,3
curriculum,STOIC,SHEAR,True,False,False,2,21
gameplay,STOIC,CRANE,True,False,False,2,21
curriculum,GLEAM,LEACH,True,False,False,3,4
gameplay,GLEAM,LEACH,True,False,False,3,4
curriculum,CHESS,SHEAR,True,False,False,2,9
gameplay,CHESS,CRANE,True,False,False,2,9
curriculum,HOIST,SHEAR,True,False,False,2,9
gameplay,HOIST,CRANE,True,False,False,2,9
curriculum,BLOWN,CLOTH,True,False,False,3,14
gameplay,BLOWN,CLOTH,True,False,False,3,14
curriculum,COWER,FREED,True,False,False,3,26
gameplay,COWER,FREED,True,False,False,3,26
curriculum,FLUNK,CLOTH,True,False,False,3,8
gameplay,FLUNK,CLOTH,True,False,False,3,8
curriculum,COURT,SHEAR,True,False,False,2,103
gameplay,COURT,CRANE,True,False,False,2,103
curriculum,GOODY,CLOTH,True,False,False,3,16
gameplay,GOODY,CLOTH,True,False,False,3,16
curriculum,BONGO,FOGGY,True,False,False,4,1
gameplay,BONGO,FOGGY,True,False,False,4,1
curriculum,STUNK,SHEAR,True,False,False,2,80
gameplay,STUNK,CRANE,True,False,False,2,80
curriculum,THEME,GUEZE,True,False,False,3,8
gameplay,THEME,BEGUN,True,False,False,3,8
curriculum,MOLAR,BARDY,True,False,False,3,7
gameplay,MOLAR,ADORN,True,False,False,3,7
curriculum,TROPE,SHEAR,True,False,False,2,40
gameplay,TROPE,CRANE,True,False,False,2,40
curriculum,BOSSY,SLOSH,True,False,False,3,2
gameplay,BOSSY,SLOSH,True,False,False,3,2
curriculum,BOUGH,CLOTH,True,False,False,3,4
gameplay,BOUGH,CLOTH,True,False,False,3,4
curriculum,HOVER,FROKER,False,False,False,4,9
gameplay,HOVER,FROKER,False,False,False,4,9
curriculum,BRAID,BRAIL,True,False,False,3,4
gameplay,BRAID,TRAIL,True,False,False,3,4
curriculum,DRAKE,BRACE,True,False,False,3,6
gameplay,DRAKE,CRANE,True,False,False,3,6
curriculum,BRAVE,FRAME,True,False,True,4,2
gameplay,BRAVE,FRAME,True,False,True,4,2
curriculum,TRACT,BARDY,True,False,False,3,16
gameplay,TRACT,ADORN,True,False,False,3,16
curriculum,GRAPH,FRANK,True,False,False,4,3
gameplay,GRAPH,FRANK,True,False,False,4,3
curriculum,BRAWL,GRAPH,True,False,False,5,1
gameplay,BRAWL,GRAPH,True,False,False,5,1
curriculum,BREAD,BREACH,False,False,False,3,8
gameplay,BREAD,BEGAN,True,False,False,3,8
curriculum,BREED,ERUPT,True,False,False,3,4
gameplay,BREED,ERUPT,True,False,False,3,4
curriculum,BRIAR,SHEAR,True,False,False,2,4
gameplay,BRIAR,CRANE,True,False,False,2,4
curriculum,FRIED,SHEAR,True,False,False,2,12
gameplay,FRIED,CRANE,True,False,False,2,12
curriculum,BROIL,FROTH,True,False,False,3,2
gameplay,BROIL,CRIMP,True,False,False,3,2
curriculum,DRONE,PROVE,True,False,False,3,7
gameplay,DRONE,PROVE,True,False,False,3,7
curriculum,BROKE,FROZE,True,False,True,4,3
gameplay,BROKE,FROZE,True,False,True,4,3
curriculum,DROOP,DROOK,True,False,True,3,19
gameplay,DROOP,DROOK,True,False,True,3,19
curriculum,BRUNT,DROOK,True,False,False,3,2
gameplay,BRUNT,DROOK,True,False,False,3,2
curriculum,CRUST,SHEAR,True,False,False,2,13
gameplay,CRUST,CRANE,True,False,False,2,13
curriculum,BRUSH,DRUSH,True,False,True,3,1
gameplay,BRUSH,CRUSH,True,False,False,3,1
curriculum,BUDGE,GUNNE,True,False,False,3,3
gameplay,BUDGE,BEGUN,True,False,False,3,3
curriculum,BUGLE,GUEZE,True,False,False,3,1
gameplay,BUGLE,GUNNE,True,False,False,3,1
curriculum,BULLY,CLOTH,True,False,False,3,6
gameplay,BULLY,CLOTH,True,False,False,3,6
curriculum,BUNCH,CLOTH,True,False,False,3,6
gameplay,BUNCH,CLOTH,True,False,False,3,6
curriculum,HUMUS,STUNG,True,False,False,3,8
gameplay,HUMUS,STUNG,True,False,False,3,8
curriculum,PANIC,SHEAR,True,False,False,2,14
gameplay,PANIC,CRANE,True,False,False,2,14
curriculum,CABIN,CABIL,True,False,False,3,1
gameplay,CABIN,CABIN,True,True,True,3,1
curriculum,CADET,VALET,True,False,False,3,5
gameplay,CADET,VALET,True,False,False,3,5
curriculum,CAGEY,CAMEL,True,False,False,4,2
gameplay,CAGEY,CAMEL,True,False,False,4,2
curriculum,CANDY,BAGGY,True,False,False,3,9
gameplay,CANDY,TANGO,True,False,False,3,9
curriculum,CARRY,BARTY,True,False,False,3,4
gameplay,CARRY,BARTY,True,False,False,3,4
